User_AI_ID,User_ID,User_Name,Account_Age,Global_Banned
1,176762010300710912,metro1975#0,2016-05-02,False
2,302807083231870976,ell1d#0,2017-04-15,False
3,374727440481910799,sirjachin#0,2017-10-31,False
4,445724399333801995,lazy_sage#0,2018-05-14,False
5,480784783878651905,emerr77747#0,2018-08-19,False
6,679415500551487498,_primordial_#0,2020-02-18,False
7,785623712216383489,bestestfwend#0,2020-12-07,False
8,864975494847660052,chilledfisher#0,2021-07-14,False
9,869976020063780874,grandadmiralsteel#0,2021-07-28,False
10,874075987544006756,clarin3tb0y#0,2021-08-08,False
11,920367772825960459,legatus_talius#0,2021-12-14,False
12,1037083161257062500,raymondthereliable#0,2022-11-01,False
13,1203886328446713950,joseamalio#0,2024-02-05,False
14,1253475079002787913,starbolt0.#0,2024-06-20,False
15,1305966799451459604,lindy_445.#0,2024-11-12,False
16,1296487588085108748,alexliam0572#0,2024-10-17,True
17,1127063996588105838,danielsud86#0,2023-07-08,False
18,874964049459306508,dergeheimagentf#0,2021-08-11,False
19,933526505911361546,._.cardinal._.#0,2022-01-20,False
20,1251593785507450953,slappypants9000#0,2024-06-15,False
21,630873025046249493,izac999#0,2019-10-07,False
22,637095040740753408,aedanlong#0,2019-10-25,False
23,1301845648865234955,juliecutie1#0,2024-11-01,True
24,1189912842879635479,marykind1#0,2023-12-28,False
25,1138920338311356539,danispark_46709#0,2023-08-09,False
26,315266187296636930,tankhunter117#0,2017-05-19,False
27,875919769579159652,tenacious_torrent#0,2021-08-14,False
28,1311125047703769110,darkside021903#0,2024-11-27,False
29,446813979503755275,spotzenn#0,2018-05-17,False
30,98124229580431360,ampm#0,2015-09-28,False
31,320037639107641344,canadianguyman#0,2017-06-02,False
32,143099212819726337,chiyo13#0,2016-01-30,False
33,347038122036428800,shadowsstride#0,2017-08-15,False
34,764179242329833482,broanno#0,2020-10-09,False
35,706307540690010143,ashgame0#0,2020-05-03,False
36,1208412427323056190,kayla074#0,2024-02-17,True
37,1022274793598365716,queen_layla7647#0,2022-09-21,False
38,1150148945645944934,norseman0873_89120#0,2023-09-09,False
39,1061843736193159188,slink.182#0,2023-01-09,False
40,1287834926980272199,ilyssm_tg563#0,2024-09-23,False
41,732026938499268678,.braveangel#0,2020-07-13,False
42,517519006085808135,maiyamaiya#0,2018-11-29,False
43,408352010136715265,reesespuffpizza#0,2018-01-31,False
44,479335424775684096,themissingmetallurgist#0,2018-08-15,False
45,866029288918876180,buzzlightyears_nostril_hairs0010#0,2021-07-17,False
46,759762672094412811,mrscoolgirl3176#0,2020-09-27,False
47,1304520803198701650,jennyanna0205#0,2024-11-08,False
48,380838074319372289,coolguy9006#0,2017-11-16,False
49,760643815710130186,theapeyestofapes#0,2020-09-29,False
50,1186050973433597999,terminator0435#0,2023-12-17,False
51,708743654956597298,corrosion04#0,2020-05-09,False
52,1146864042317709342,kirsten_world#0,2023-08-31,False
53,577610180875780106,media_robloxairport14#0,2019-05-13,False
54,944338790082838530,dragonking251#0,2022-02-18,False
55,268202069951774720,weskerskitten.#0,2017-01-10,False
56,568578011935277065,gamepulse#0,2019-04-18,False
57,405084183833214990,powerjagger#0,2018-01-22,False
58,755558495373230250,caderaye#0,2020-09-15,False
59,1292474085628182681,love_mcheard#0,2024-10-06,True
60,569332359443251200,asheck1656#0,2019-04-21,False
61,901930742815260722,pann_69#0,2021-10-24,False
62,808923730167201812,iliketreesz#0,2021-02-10,False
63,814057695270142023,mills7276#0,2021-02-24,False
64,1240943109144313939,cate_will#0,2024-05-17,False
65,468120926073126922,nerfy_21#0,2018-07-15,False
66,436293268276510772,tclevs#0,2018-04-18,False
67,1121045860579557416,crazy_fire#0,2023-06-21,False
68,1195127832414793838,wildlife0916#0,2024-01-11,False
69,667216863654182933,spicymcpie#0,2020-01-16,False
70,417160208855597056,garrettvanosdel#0,2018-02-25,False
71,556989020932931624,epicgamer57540#0,2019-03-17,False
72,662468660786626560,rosec1804#0,2020-01-03,False
73,751788287294832641,camreenicole#0,2020-09-05,False
74,796835065287934042,calano_corvus#0,2021-01-07,False
75,511977917299818497,nightvampalihan#0,2018-11-13,False
76,440231744185171989,otterqueen0717#0,2018-04-29,False
77,274384798284251137,hyperdriveguy#0,2017-01-27,False
78,753753047720657007,xxajboix#0,2020-09-10,False
79,442510335346475008,invictusvictoris#0,2018-05-06,False
80,637529696468336653,elfo22#0,2019-10-26,False
81,466518606809923585,nerdym0n0#0,2018-07-11,False
82,1121236154306543749,freelancenomad#0,2023-06-22,False
83,1094783899579719680,gummy_axolotl#0,2023-04-10,False
84,1075536812757487707,5136771#0,2023-02-15,False
85,516681121568653334,bradynmatthias#0,2018-11-26,False
86,400147174219972618,sugardaze3621#0,2018-01-09,False
87,610620163737255936,shadowglitch2734#0,2019-08-12,False
88,1307802404372090884,sharonjackson0433#0,2024-11-17,False
89,1294071423152947360,janice_53#0,2024-10-10,False
90,275612480271548416,ranenay#0,2017-01-30,False
91,888077870012960839,kali4real#0,2021-09-16,False
92,478943412704509965,zzpumpkinbabies#0,2018-08-14,False
93,409376750762590228,acekabuto#0,2018-02-03,False
94,1098836975433285633,llamaderp113#0,2023-04-21,False
95,1087824250817233017,jakediehardutahfan#0,2023-03-21,False
96,1236361647535427624,madcheese19#0,2024-05-04,False
97,1222021159411777558,cernnunos_#0,2024-03-26,False
98,731255123262701649,therealrolandjones#0,2020-07-10,False
99,455728840162017280,stephanosbad#0,2018-06-11,False
100,943370330473386055,manonini#0,2022-02-16,False
101,547144840056537088,jezaniah3d#0,2019-02-18,False
102,839256088293670941,cellistjudoka#0,2021-05-04,False
103,1021245403431194715,emmymae01#0,2022-09-19,False
104,943629324626563083,thesilliestgoose_#0,2022-02-16,False
105,731902582741532705,novelmaru#0,2020-07-12,False
106,797785177199869952,cash7444#0,2021-01-10,False
107,903342267878760490,bunnygamerowo#0,2021-10-28,False
108,769592163544989716,xxawesomeo329#0,2020-10-24,False
109,945826326089195570,starsetknight#0,2022-02-22,False
110,958528466251292733,newell_or_whatever#0,2022-03-30,False
111,1308815629171560468,mal_pal05#0,2024-11-20,False
112,1185481916825206896,miss387209#0,2023-12-16,False
113,692283031888592957,heavennesxlstice#0,2020-03-25,False
114,741099383185211463,akihiro2261#0,2020-08-07,False
115,809930853814763521,chikn34#0,2021-02-12,False
116,1307787731723878454,5vlw#0,2024-11-17,False
117,804878386270044232,henricopter77#0,2021-01-30,False
118,776249098016653342,sonnem.#0,2020-11-12,False
119,1337850556676313119,migueluy0758#0,2025-02-08,False
120,691069349276024833,albatorlaho#0,2020-03-21,False
121,1299056834635890740,emmy098553#0,2024-10-24,False
122,833021490319982593,vaporr.801#0,2021-04-17,False
123,504669878066610176,hei.mei#0,2018-10-24,False
124,960409991800569876,toni_a_lma#0,2022-04-04,False
125,664586223075196939,.shinkume#0,2020-01-08,False
126,764652753162600470,goose4744#0,2020-10-11,False
127,1160511336699150368,aceyzxq#0,2023-10-08,False
128,930138264902451241,iron_ftw#0,2022-01-10,False
129,386933219167174660,themaster7862#0,2017-12-03,False
130,974057158243147777,aerhart4475#0,2022-05-11,False
131,931549747586691142,mariaax314666#0,2022-01-14,False
132,1119001426077696010,breadrex#0,2023-06-15,False
133,719842104582340640,hellodarknessmyoldfriend000#0,2020-06-09,False
134,1206023221502283869,saverflaver#0,2024-02-10,False
135,511181955283550228,loserone1#0,2018-11-11,False
136,1185270237738848337,kellogscerealbreakfast#0,2023-12-15,False
137,467515017957212173,mashed_potato_bowen#0,2018-07-14,False
138,1155703501742149673,manogyadahal7#0,2023-09-25,False
139,1264554834703417346,ludditeshelter#0,2024-07-21,False
140,195993741339787264,ilaunchgobs#0,2016-06-24,False
141,981091299677577219,isbatmannn#0,2022-05-31,False
142,994909663076302898,jesussavesus5718#0,2022-07-08,False
143,1276011278753726584,saintfinnbarr_07381#0,2024-08-22,False
144,1226071210492956682,pleasejustlisten2me#0,2024-04-06,False
145,939722552006291456,queennerissa#0,2022-02-06,False
146,1015602273725984871,swellbreeze#0,2022-09-03,False
147,1205088887500963864,ccbossbone#0,2024-02-08,False
148,153623394871410689,notelect#0,2016-02-28,False
149,1177252600043798554,broshigames#0,2023-11-23,False
150,1292307568659796028,bigaloot#0,2024-10-06,False
151,1255574965009514617,thwzsghsb#0,2024-06-26,False
152,874726448311717890,hagridthefirst#0,2021-08-10,False
153,1137785190509453352,funnygator0352#0,2023-08-06,False
154,408997472648560650,silkishroad#0,2018-02-02,False
155,773635306775248926,miski_miki#0,2020-11-04,False
156,664252350848040980,usagidaisuki#0,2020-01-07,False
157,866071118409760830,themathlemon314#0,2021-07-17,False
158,1290886071420456963,roberto1354238#0,2024-10-02,False
159,751364918535782411,hiroshitzu#0,2020-09-04,False
160,1116899445074825226,mitsukiii3986#0,2023-06-10,False
161,1028450206515204096,zoricas#0,2022-10-08,False
162,1207107781602312285,8fonker_poker9#0,2024-02-13,False
163,953016392616140890,d0ggsn0t#0,2022-03-14,False
164,804759346079989823,baltome#0,2021-01-29,False
165,516441439580979213,biglybrainbear#0,2018-11-26,False
166,1150995648938786912,c0bywan#0,2023-09-12,False
167,1249566750022963210,charlottedavis0702#0,2024-06-10,False
168,1096810403524263996,cornbeefy#0,2023-04-15,False
169,834425156466114590,polaroar#0,2021-04-21,False
170,274961533522542592,santiago.mattermoros.david.dlt#0,2017-01-28,False
171,1136434449882550352,helper19#0,2023-08-02,False
172,1196526112185008202,okoyeshome#0,2024-01-15,False
173,1215061493809422416,_thenotorious.big_#0,2024-03-06,False
174,1227781566177083504,gottarooku7#0,2024-04-11,False
175,955232022278844496,shakira798#0,2022-03-20,False
176,479367818115022858,chillidig#0,2018-08-15,False
177,1184584154197794826,logan06963#0,2023-12-13,False
178,610685748106100760,jungshook_#0,2019-08-13,False
179,1078663781955158078,mount_vernon#0,2023-02-24,False
180,846934258609946636,starqueen663#0,2021-05-26,False
181,943249130862542910,akuji.sog#0,2022-02-15,False
182,1041036382098960506,yirmeyahu.#0,2022-11-12,False
183,702786382451441725,breylaw#0,2020-04-23,False
184,788890254534508554,gingerbaker.#0,2020-12-16,False
185,1246223375207239701,anton77890#0,2024-05-31,False
186,1225415849196785676,based_q8ti#0,2024-04-04,False
187,972669364492968017,germany7496#0,2022-05-08,False
188,966110146570883134,isasaifullah#0,2022-04-19,False
189,1023157611606048800,brick6509#0,2022-09-24,False
190,905263432566177863,sunshine061416#0,2021-11-03,False
191,1202248467896864771,rabbidsnek#0,2024-01-31,False
192,955541425901170758,blepperton#0,2022-03-21,False
193,786225638976782336,eriusz#0,2020-12-09,False
194,809623686289555466,titan.purp#0,2021-02-12,False
195,991958886967955506,ceine._dd#0,2022-06-30,False
196,766673608491532288,chylls7536#0,2020-10-16,False
197,900482953858125854,kiyoiiii#0,2021-10-20,False
198,708457216813826118,conradczn#0,2020-05-08,False
199,1254574000345190495,fieryyy5#0,2024-06-23,False
200,1187878959531180134,christianmusic.lyrics#0,2023-12-22,False
201,1238390955590287360,celestiallyxoxo_52415#0,2024-05-10,False
202,714170083223797800,jennxoxo0261#0,2020-05-24,False
203,946617070450274346,untochrist#0,2022-02-25,False
204,1194596021444030566,bzcevo#0,2024-01-10,False
205,983908196089483306,somethingrandom1682#0,2022-06-08,False
206,1157067912104902847,general.pufferfish_96800#0,2023-09-28,False
207,1254894386957779077,ldsflow#0,2024-06-24,False
208,95462665555554304,scorchearth#0,2015-09-21,False
209,1070466844563087370,_.zakary._#0,2023-02-01,False
210,595425888062013471,drchinga8540#0,2019-07-02,False
211,648990507342626881,jimmyrhall#0,2019-11-26,False
212,383043708251013120,1936#0,2017-11-22,False
213,165703675426242560,farween#0,2016-04-02,False
214,871628737026850887,draco2353#0,2021-08-02,False
215,1159694184891035729,ashtonito#0,2023-10-06,False
216,815656363446501407,loby_diddy#0,2021-02-28,False
217,1119099708934197258,apollo720.#0,2023-06-16,False
218,1203368302341267517,shaheed.1#0,2024-02-03,False
219,961873076583292988,bunniloverr#0,2022-04-08,False
220,479811769808715826,drimeto#0,2018-08-17,False
221,1248408499008962683,teamstriker603#0,2024-06-06,False
222,844792635422933012,txdap#0,2021-05-20,False
223,395399239099744257,krider_#0,2017-12-27,False
224,618269495135305729,maskedsugargirl#0,2019-09-03,False
225,1126748522260201483,ilovemyschoolxd#0,2023-07-07,False
226,1222270044982214817,aaron037520#0,2024-03-26,False
227,932672204083191849,erbol._.0893241#0,2022-01-17,False
228,969082961532170240,bob_man_5464#0,2022-04-28,False
229,279394198115844096,crossbardic#0,2017-02-09,False
230,905184878906195998,letitallworkout#0,2021-11-02,False
231,340736107778146304,eon777.#0,2017-07-29,False
232,1263976577096618045,davieramirez#0,2024-07-19,False
233,637700247082106905,xosofiaxo#0,2019-10-26,False
234,1308248612932685897,.hopeful.hope#0,2024-11-19,False
235,1093184572570751017,themormongenealogist#0,2023-04-05,False
236,1254921615079112746,guest50983#0,2024-06-24,False
237,468939392854130722,the_griff.#0,2018-07-18,False
238,1040669720120152124,wolfspiritreal#0,2022-11-11,False
239,933848585760555038,kennedy07994#0,2022-01-20,False
240,787400861264379945,2zagal#0,2020-12-12,False
241,1232339319575023705,yohanna93#0,2024-04-23,False
242,1212228025572270090,brn.rbbr.#0,2024-02-28,False
243,1215347182203576341,eden_1830#0,2024-03-07,False
244,970351237662904370,altoid0verdose#0,2022-05-01,False
245,930832141972025345,alessxndro1879409#0,2022-01-12,False
246,1207488877288226838,terrancehorfield#0,2024-02-15,False
247,461666091442372629,.zenvis#0,2018-06-27,False
248,720411398626082857,cruzil#0,2020-06-10,False
249,1146257089505808414,tophat_vr23#0,2023-08-30,False
250,905488919519436851,fiendishschemes#0,2021-11-03,False
251,145430865768349696,boxinginaboxinaboxroom#0,2016-02-06,False
252,870201709832568853,tomwiththeweather#0,2021-07-29,False
253,860432429412384818,lyn.na#0,2021-07-02,False
254,449391274726916107,mina_nobias#0,2018-05-25,False
255,823964031878168616,veli.rxna#0,2021-03-23,False
256,1220398458498977892,little_kids69#0,2024-03-21,False
257,432406107818950658,flacotaco#0,2018-04-08,False
258,1231293980084404369,coattherapist#0,2024-04-20,False
259,582818887846854666,eggmastervalk#0,2019-05-28,False
260,1207080319962849341,fxfclow3ryt8hk#0,2024-02-13,False
261,1205615301325103176,digital.psycho#0,2024-02-09,False
262,319908656739123202,jonmybe#0,2017-06-01,False
263,323161733940379650,kubabuba1#0,2017-06-10,False
264,1338220210150441061,say.what.4now#0,2025-02-09,False
265,978435748254597141,ranchsxlost#0,2022-05-23,False
266,413366347985059851,paulithan#0,2018-02-14,False
267,952986339832373318,corztx#0,2022-03-14,False
268,849476542387716157,will.the.wrapper.animator#0,2021-06-02,False
269,903760877843546133,fancy3230#0,2021-10-29,False
270,1214614979911884841,liluzivertyyy#0,2024-03-05,False
271,1258007309343391784,harlemmmmm_#0,2024-07-03,False
272,1281739252048203923,zedonski#0,2024-09-06,False
273,411401392142548992,crash_bash42#0,2018-02-09,False
274,804903102431887431,busiestbee123#0,2021-01-30,False
275,1202832775951155244,rewindz3430#0,2024-02-02,False
276,801568480372981761,hey.hey.#0,2021-01-20,False
277,1223001206561964145,auahannon#0,2024-03-28,False
278,403632847191015436,chab6427#0,2018-01-18,False
279,1268709444355620874,ej_is_cool#0,2024-08-01,False
280,1196203171761107017,brendonbainbridge#0,2024-01-14,False
281,1103829948042588232,vox.omni#0,2023-05-04,False
282,1224953803170775163,ezeike1#0,2024-04-03,False
283,1220601024319062080,lordzay168#0,2024-03-22,False
284,1293614382068138034,tiffanyybr#0,2024-10-09,False
285,1235298520789942344,kierce12#0,2024-05-01,False
286,1207731312920633434,eyepeep#0,2024-02-15,False
287,396602272982892544,elether.#0,2017-12-30,False
288,1224480332565446776,nem20201999#0,2024-04-01,False
289,965603860725002240,theteath0532#0,2022-04-18,False
290,486524235477417985,veogamer#0,2018-09-04,False
291,883475203643027487,taungoo#0,2021-09-03,False
292,1184202200684179469,isak_lds#0,2023-12-12,False
293,1235863297933312070,dylpikl3#0,2024-05-03,False
294,1138009455204761641,ulo_gothacked#0,2023-08-07,False
295,878728986862170122,heyoka_#0,2021-08-21,False
296,659708436333854730,.x_d#0,2019-12-26,False
297,1074083530663022713,bogoza65#0,2023-02-11,False
298,1160992531404824817,manaafu1#0,2023-10-09,False
299,619615460505288785,cenestra#0,2019-09-06,False
300,1008943302080462910,rahsch#0,2022-08-16,False
301,1009255599042736209,prince_elnarion#0,2022-08-17,False
302,1153557401534996511,chirubean#0,2023-09-19,False
303,1228522339273146418,fhfueuu333#0,2024-04-13,False
304,847204933848793129,atxparadox2579#0,2021-05-26,False
305,826023921316528158,otfcfy#0,2021-03-29,False
306,778793791200165899,robbie51#0,2020-11-19,False
307,548687003927969823,gasbug1#0,2019-02-23,False
308,432682009630998538,paulgee98#0,2018-04-08,False
309,1328545025797259306,thehighplainspiper#0,2025-01-14,False
310,747927712961921196,marcold#0,2020-08-25,False
311,1147965078000382044,gb_game_master#0,2023-09-03,False
312,1115310070452977715,jser_8811#0,2023-06-05,False
313,981647400542273546,uberlieferungmeister#0,2022-06-01,False
314,895303956996182026,eppy.kat#0,2021-10-06,False
315,1323512297116925957,imdasuberchud#0,2024-12-31,False
316,719865156389044235,.theologia#0,2020-06-09,False
317,355156466094833674,arcond#0,2017-09-07,False
318,740493195636637697,peaked3977#0,2020-08-05,False
319,1261086342469910578,anerigo_58390#0,2024-07-11,False
320,795672065805254657,persononceagain#0,2021-01-04,False
321,732947231149129889,avepaxamericana#0,2020-07-15,False
322,344886679657512961,infinitecaz#0,2017-08-09,False
323,1048459305260679208,honeybee1830#0,2022-12-03,False
324,374704962040627200,drinker_of_milk#0,2017-10-30,False
325,1282960716743315458,quintonjkr#0,2024-09-10,False
326,396662739864649729,mr.saltman#0,2017-12-30,False
327,880649034145099797,thebacktrackpodcast.#0,2021-08-27,False
328,895108338050793492,biden#0,2021-10-06,False
329,1044107902421581825,jhoooww#0,2022-11-21,False
330,1066330742042398750,tiredyoungman#0,2023-01-21,False
331,1052432793453469727,thebasedoneishere._.#0,2022-12-14,False
332,832414117637259334,grace1930#0,2021-04-16,False
333,660256269441171477,theserba#0,2019-12-27,False
334,1295309167040532501,perfectlittleangell#0,2024-10-14,False
335,519340773892816917,ineterio44#0,2018-12-04,False
336,1042510483627986997,0lekh#0,2022-11-16,False
337,279792567162503170,the.bogan#0,2017-02-11,False
338,398256875151294476,boop33#0,2018-01-03,False
339,1249813382865879094,staticshow_#0,2024-06-10,False
340,345249799403995136,thebuilder18#0,2017-08-10,False
341,1089963546584031332,olebitch#0,2023-03-27,False
342,1284981279066165370,sonofkingarthur#0,2024-09-15,False
343,694240061331603556,gloomy_angel#0,2020-03-30,False
344,834315578222182403,mahonri_moriancumer#0,2021-04-21,False
345,1180678261949341787,jess_23244#0,2023-12-03,False
346,1251700129715585106,thesaintpreacher#0,2024-06-16,False
347,607968249161973791,justababy#0,2019-08-05,False
348,1282095004252377094,az82651#0,2024-09-07,False
349,1219080474689798175,becomeexalted#0,2024-03-18,False
350,951132207655825408,jewggernaut#0,2022-03-09,False
351,993588542238380052,celestialsaints_55976#0,2022-07-04,False
352,932696186480111626,bittten8190#0,2022-01-17,False
353,1241399733927280670,dandylionzi_38551#0,2024-05-18,False
354,1256040914862866503,thespectrumiscomingagain#0,2024-06-28,False
355,1245786615385690212,legosnowhare#0,2024-05-30,False
356,881988084508545074,g.ree.d#0,2021-08-30,False
357,1070127362454339625,.aadarr9699#0,2023-01-31,False
358,440820337048027147,pepethesailor#0,2018-05-01,False
359,738151248011853824,bigno0b47#0,2020-07-29,False
360,418500224189857792,amoraq#0,2018-02-28,False
361,321702767343304715,valhalla_is_calling#0,2017-06-06,False
362,615710462989828096,zacharyelliott6371#0,2019-08-27,False
363,1048775369056071803,mrdm19#0,2022-12-04,False
364,1282762695514263552,whisperingpines._.dream#0,2024-09-09,False
365,925105969925611540,pantera270#0,2021-12-27,False
366,1316216899729752085,hatari1103#0,2024-12-11,False
367,1218853794859712523,sydevvv#0,2024-03-17,False
368,1234874509014597736,rizzler625#0,2024-04-30,False
369,1092452180696518706,lizzabee23#0,2023-04-03,False
370,876424682826530826,jewlds#0,2021-08-15,False
371,705480222262427721,redlight_lies#0,2020-04-30,False
372,1313341317241241702,ceciliamartha#0,2024-12-03,False
373,1126402150650613790,tahlehi#0,2023-07-06,False
374,1309551837975937069,brazucacocoabutter#0,2024-11-22,False
375,1299828662086008933,maialoaf#0,2024-10-26,False
376,1278555311044825200,them1abrahams#0,2024-08-29,False
377,647131830499409922,p_a_n_i_c#0,2019-11-21,False
378,1340497509394550886,prententiousidealist#0,2025-02-16,False
379,843111707902738452,jrhi123#0,2021-05-15,False
380,748940882488721520,i_reverie#0,2020-08-28,False
381,307790417129242626,norkalios#0,2017-04-29,False
382,551284063923732484,aronopedia#0,2019-03-02,False
383,603196743168819209,mezzoman#0,2019-07-23,False
384,694044531280314419,bobothejedi#0,2020-03-30,False
385,781923002471677972,the_ceg_03#0,2020-11-27,False
386,152253577488760832,davoro#0,2016-02-25,False
387,1167313327882518549,animeluver.#0,2023-10-27,False
388,267008428528893962,miller9#0,2017-01-06,False
389,690037467528822811,brandy2420#0,2020-03-19,False
390,1130306763451805716,jtodd9540256#0,2023-07-17,False
391,1240797270216282120,cdawg1093.#0,2024-05-16,False
392,1036772710933598249,aydenmg00#0,2022-10-31,False
393,785563536817520680,computer0101#0,2020-12-07,False
394,1275571056572366963,josh001717#0,2024-08-20,False
395,892230807899476008,juliewellman#0,2021-09-28,False
396,422248754767331339,mammon12#0,2018-03-11,False
397,1066916447932129330,jesuschristismylord_and_savior#0,2023-01-23,False
398,1341376253181296711,phenomenal_panda_80875#0,2025-02-18,False
399,537496336749297694,duskysiren#0,2019-01-23,False
400,1340819845242945587,hanmill0060#0,2025-02-16,False
401,305535159019765772,ragingformdragon#0,2017-04-23,False
402,994319174765649960,adictoati#0,2022-07-06,False
403,1279116181827092504,focaarpa_66389#0,2024-08-30,True
404,812367891205718077,seabergaming#0,2021-02-19,False
405,1211574720181567488,hinckley19#0,2024-02-26,False
406,1342696055233581056,s3m4t4ry.luvs.u#0,2025-02-22,False
407,1314753909067354223,heather.6101#0,2024-12-07,False
408,1026648957591498782,haseurde_v3#0,2022-10-04,True
409,402326901982494741,universe25#0,2018-01-15,True
410,877408910317846578,ya_boi_roshi#0,2021-08-18,True
411,513405010701451277,b3ar1392#0,2018-11-17,True
412,993888756237090917,classyglass.#0,2022-07-05,True
413,363847199907643393,1ander#0,2017-10-01,True
414,1267872649363587083,deleted_user_a2d09a6097d0#0,2024-07-30,True
415,838858586851246110,retrox1986#0,2021-05-03,True
416,454135399804174336,mr_goober#0,2018-06-07,True
417,1279976294481924148,evankash0#0,2024-09-02,True
418,1283248815519826100,deleted_user_427515b30cc6#0,2024-09-11,True
419,689216589651902506,oldsweetc#0,2020-03-16,True
420,1223236323058384918,bigt02262#0,2024-03-29,True
421,1233928944642953267,aexeo5#0,2024-04-27,True
422,1271617812263080098,peaceandblessings1#0,2024-08-09,True
423,1285614448937013268,jk645#0,2024-09-17,True
424,721156611464233041,jool0#0,2020-06-13,True
425,196713296076865536,casual2d#0,2016-06-26,True
426,1296582983645397153,macussaw#0,2024-10-17,True
427,1277034883390246926,lol23892734#0,2024-08-24,True
428,1279127468174737513,deleted_user_a0df165ba6f7#0,2024-08-30,True
429,560226275189587968,pieceofshit8860#0,2019-03-26,True
430,488346670598193174,flacherdlernotreally#0,2018-09-09,True
431,653682483870826507,sigrand_#0,2019-12-09,True
432,1227816601265504266,haventheorthodox#0,2024-04-11,True
433,1163402527878955038,rizwanjuma#0,2023-10-16,True
434,1267211230540599418,mugoyajoshua#0,2024-07-28,True
435,1297286141330063446,hansenfjotolf#0,2024-10-19,True
436,1293106170952683553,thenameisb#0,2024-10-08,True
437,1315833295614902302,captainmoccasin#0,2024-12-10,True
438,1072586173056286780,directorshamusxi#0,2023-02-07,True
439,1138206073568886846,asseater2633#0,2023-08-07,True
440,504436717072416769,slim1218#0,2018-10-23,True
441,1319150432051925003,butterbeans62#0,2024-12-19,True
442,764945227894226955,skient#0,2020-10-11,True
443,684811954979733587,lara_alvarez_#0,2020-03-04,True
444,1321340610778632204,carnievil#0,2024-12-25,False
445,1215232486582263818,nb88x#0,2024-03-07,False
446,1090745857869086740,our_tiny_hotel#0,2023-03-29,False
447,915449765817372672,banana.annaaaaaaaaa#0,2021-12-01,False
448,851538403421061231,slayeuroftheunclean#0,2021-06-07,False
449,1241488336741203998,controlfr3eak#0,2024-05-18,False
450,1193584296192131162,mateo_watson#0,2024-01-07,False
451,805664184871157771,kingofthepirates42069#0,2021-02-01,False
452,1310685268902150167,anfun_23#0,2024-11-25,True
453,1310992871616286844,realroyalste#0,2024-11-26,False
454,1294459437192318996,melodybelle027#0,2024-10-12,False
455,755500341411184762,phantom12203#0,2020-09-15,False
456,206220088267767809,ace159#0,2016-07-23,False
457,816826330607910922,noobian#0,2021-03-04,False
458,1294600107601170506,laniiyaur#0,2024-10-12,False
459,1220222535275118592,donebad2244#0,2024-03-21,False
460,1329496167985451064,barion.inx#0,2025-01-16,False
461,1314275934253219862,ziemelu#0,2024-12-05,False
462,1315728232699396096,barryfoxworth#0,2024-12-09,False
463,1191850689056477255,moroninephi#0,2024-01-02,False
464,1341742620967174266,sarahwilliams0055#0,2025-02-19,False
465,1197764079197102127,edohoi1991#0,2024-01-19,False
466,1345341163934322719,mattsshoweet#0,2025-03-01,False
467,951968464921325608,master_narwhal#0,2022-03-11,True
468,1181971447963455532,forestgreenie#0,2023-12-06,False
469,955941115897458698,_karlag#0,2022-03-22,False
470,986582725240709180,lomopolo5678#0,2022-06-15,False
471,1057177403010584647,slimtheguy#0,2022-12-27,False
472,960311760005500979,octopus_salad#0,2022-04-03,False
473,890692135827959919,saint._._.#0,2021-09-23,False
474,951234029338898503,deseretdelight#0,2022-03-09,False
475,1306425089201405993,geraldine08766#0,2024-11-14,False
476,1333484110991200350,lupinwolf180#0,2025-01-27,False
477,173443544973836309,voidhog.#0,2016-04-23,False
478,1342299020550344905,anthony077736#0,2025-02-21,True
479,1106977068715098193,broncosfann#0,2023-05-13,False
480,1114573227545604247,dkow93jr#0,2023-06-03,False
481,400809809269620736,sirarctic#0,2018-01-11,False
482,1348071479182495864,family.friends.04#0,2025-03-08,False
483,1183524370468053024,ilyas_mujahid#0,2023-12-10,False
484,812444237865811988,fizzykitty_3#0,2021-02-19,False
485,1179957385649999882,brinley123#0,2023-12-01,False
486,986722218115473478,beyondmorris#0,2022-06-15,False
487,1336578474210754613,hygo0839#0,2025-02-05,False
488,1007751584245100594,alabamabluejay#0,2022-08-12,False
489,1070062331704389802,zomco_ceo#0,2023-01-31,False
490,423949147973091339,jgncl#0,2018-03-15,False
491,1318353126578847846,blondehairedperfection#0,2024-12-16,True
492,1233883020717592727,basedgarybusey#0,2024-04-27,True
493,745736031734595716,merican1826#0,2020-08-19,False
494,918274961544732715,missledragon#0,2021-12-08,False
495,805655353987563561,lia_hea#0,2021-02-01,False
496,1271799984777330731,zeroismycard#0,2024-08-10,False
497,960535078734290975,spyguy0329#0,2022-04-04,False
498,194468102086328321,iamnotafish#0,2016-06-20,False
499,817702036141113385,rieaeia#0,2021-03-06,False
500,725316295397998652,tishetheone#0,2020-06-24,False
501,1352336924018343956,Mexican#4559,2025-03-20,True
502,1353183612987772928,georocks1975#0,2025-03-23,False
503,1337492068490150041,teil23#0,2025-02-07,False
504,1235848446598975539,thesouthernjew#0,2024-05-03,False
505,1163339013004984370,ash80085.#0,2023-10-16,False
506,1222296699251458259,bamacpl69#0,2024-03-26,True
507,1319723123087642655,freedomlover1776__92119#0,2024-12-20,False
508,823987205184946186,rcktk#0,2021-03-23,False
509,1353770817162580059,markm9206#0,2025-03-24,True
510,1288252740304371783,omgimgunnabust#0,2024-09-24,True
511,856263271526694923,seththesoulless#0,2021-06-20,False
512,424637583637741570,norsecrusader#0,2018-03-17,False
513,605899385611747338,teo03350#0,2019-07-30,False
514,691779584483655740,absent_euphoria#0,2020-03-23,False
515,834135124953137204,vanilla05893#0,2021-04-20,False
516,1242348187667267635,followhislight#0,2024-05-21,False
517,173484414662213632,soulmaluco#0,2016-04-23,False
518,667214853298978840,ataylor32#0,2020-01-16,False
519,1310044954445221902,5starrpluto.#0,2024-11-24,False
520,1166484526499897404,lhidsa#0,2023-10-24,False
521,1349500483093401732,melodiesang3ls#0,2025-03-12,False
522,265280896997785600,swordh3#0,2017-01-02,False
523,932007776144740492,matthew3338#0,2022-01-15,False
524,985685438150877224,kaderator#0,2022-06-12,False
525,268422371780591619,creative_name4444#0,2017-01-10,False
526,159773030103384065,jdeath117#0,2016-03-16,False
527,705917908089307259,courtasaurusrex#0,2020-05-01,False
528,769322271180718100,boydcrowder.#0,2020-10-23,False
529,1111512595527110746,stark.144#0,2023-05-26,False
530,1067573215490232391,topg00817#0,2023-01-24,False
531,1115674467151138957,__nisan__#0,2023-06-06,False
532,1281759069799055455,martinlop26_28417#0,2024-09-06,False
533,1316415903474384977,united_quail_43164#0,2024-12-11,False
534,672802530857582594,.debuf#0,2020-01-31,False
535,457783957652635649,outboink#0,2018-06-17,False
536,1251240180736589965,moonnbu#0,2024-06-14,False
537,234410083155574784,laxrath#0,2016-10-08,False
538,661949722256474163,starboy5338#0,2020-01-01,False
539,706768971202035804,spicymarco#0,2020-05-04,False
540,972257178872328262,kiaaa8800#0,2022-05-06,False
541,667185018862436363,ilikefellas_#0,2020-01-16,False
542,317049316898504714,ringo132#0,2017-05-24,False
543,761151503582363648,elut33#0,2020-10-01,False
544,1312462688642793492,mernie_63716#0,2024-11-30,False
545,442935453067509780,ninonook1#0,2018-05-07,False
546,918268830571175987,jewels5531#0,2021-12-08,False
547,898785600742772748,imogeninnit#0,2021-10-16,False
548,403708938626924545,calvinchaplow#0,2018-01-19,False
549,427612516521082890,pixidvst#0,2018-03-25,False
550,765612490113155082,egggirraffe#0,2020-10-13,False
551,466461085625614336,daseindesign#0,2018-07-11,False
552,772960456449064981,kayjeesushi#0,2020-11-02,False
553,366347693926383617,howard.dmg#0,2017-10-07,False
554,690848701173727233,outlawrevived#0,2020-03-21,False
555,943118245785927690,pelennorfields#0,2022-02-15,False
556,600476150870966310,thunderknight66#0,2019-07-15,False
557,1328906608864137232,jefferry0463#0,2025-01-15,False
558,846147765906178070,beeguyman0164#0,2021-05-23,False
559,630758737702944798,aldke#0,2019-10-07,False
560,355053247687557130,reamadraw#0,2017-09-06,False
561,860337503201394758,kaze_no_unari#0,2021-07-02,False
562,568645358134099979,hiddeninfall#0,2019-04-19,False
563,623927654973702145,inky.sky#0,2019-09-18,False
564,849854829953679370,burnttoast2425#0,2021-06-03,False
565,870465028573237301,scooter8336#0,2021-07-30,False
566,518649304446009345,gingis_khan#0,2018-12-02,False
567,877021949107245057,axari7474#0,2021-08-17,False
568,1074093507314188318,westonschnee#0,2023-02-11,False
569,1213832088889987082,bunnytwink#0,2024-03-03,False
570,610643541638643748,geckoex#0,2019-08-13,False
571,780493452512067644,lumen0000#0,2020-11-23,False
572,1130095133090648175,orthodox_sparrow#0,2023-07-16,False
573,333164692476526592,dgtv987#0,2017-07-08,False
574,764506117195694140,imkev7005#0,2020-10-10,False
575,1191104462346010656,chaoticman.#0,2023-12-31,False
576,827927608121098291,bern911#0,2021-04-03,False
577,1292204812607291455,lunarmandrake#0,2024-10-05,False
578,1284703806243733556,pascualencio#0,2024-09-15,False
579,868543224564826123,eliza5#0,2021-07-24,False
580,956603884493738024,pumrkiejack4744#0,2022-03-24,False
581,443039030179790849,davggid#0,2018-05-07,False
582,1224775493514035210,bootylicker129_03363#0,2024-04-02,False
583,463571295712444416,metaltaco#0,2018-07-03,False
584,696888031742918677,bbluegames#0,2020-04-07,False
585,500105708369608707,catsrule1030#0,2018-10-12,False
586,209884008283242496,lupin_the_third#0,2016-08-02,False
587,1344339851608199188,maximestlaurent_07915#0,2025-02-26,False
588,1278763782838943784,dadalorian85#0,2024-08-29,False
589,914104478666461204,purpynight#0,2021-11-27,False
590,1077594966869672027,arthurofrivia_witcher_cowboy11#0,2023-02-21,False
591,799679613693198408,ilike.titties.6195#0,2021-01-15,False
592,984304816975142942,journeyerwolf#0,2022-06-09,False
593,1156687871961477191,stormsies#0,2023-09-27,False
594,1129651249164324986,trajan9742#0,2023-07-15,False
595,190516247958519817,.gavint#0,2016-06-09,False
596,759881947530526751,siswill1704#0,2020-09-27,False
597,1079919977534066769,blank1400#0,2023-02-28,False
598,1315887425586856007,kushlow_71046#0,2024-12-10,False
599,394619678342774804,kneesbee#0,2017-12-24,False
600,585525795376594957,monkey_man1203#0,2019-06-04,False
601,703195652431020123,risenagain1#0,2020-04-24,False
602,1348095151012053053,sugar_rootwrites#0,2025-03-09,False
603,591319800718819359,87324028#0,2019-06-20,False
604,364444183492165643,pqtee#0,2017-10-02,False
605,1205239214698926151,ugotbigmacced#0,2024-02-08,False
606,757624828298657903,redstonegeeko#0,2020-09-21,False
607,1233204569195151450,jonitthegal#0,2024-04-25,False
608,951628586572480573,snowflake39093#0,2022-03-10,False
609,750001329975460042,broskiidk#0,2020-08-31,False
610,439948124555968552,angelo_meds#0,2018-04-29,False
611,650807568624779284,brenbot64#0,2019-12-01,False
612,797179529399107584,robert070v#0,2021-01-08,False
613,975095432608890880,stockfan122#0,2022-05-14,False
614,746393186150121502,kadusio#0,2020-08-21,False
615,1173354494935965819,purplehaze28#0,2023-11-12,False
616,696678582277242890,samnorrington#0,2020-04-06,False
617,740301220534681690,ontheotherhand#0,2020-08-04,False
618,354359248181919746,scezb#0,2017-09-04,False
619,1281270540124028980,groupchat_account#0,2024-09-05,False
620,360396308344864769,jos11#0,2017-09-21,False
621,1025967421913309196,notashe666#0,2022-10-02,False
622,1281598217854779435,aidan_ex_apostate#0,2024-09-06,False
623,623414242640396308,deadlymetal869#0,2019-09-17,False
624,882226671082672178,maximus__1#0,2021-08-31,False
625,1244244599866921032,joseph.k.h#0,2024-05-26,False
626,685317200391045129,frostyfreeze75#0,2020-03-06,False
627,1233090095599456337,houseb750#0,2024-04-25,False
628,1239762799253782529,myspac33#0,2024-05-14,False
629,780634306400878642,childofgoddiscipleofchrist#0,2020-11-24,False
630,479158110469095429,seekxchrist#0,2018-08-15,False
631,1225606537066582141,how_do_you_do69#0,2024-04-05,False
632,1306730386709020786,nathanpeaceful#0,2024-11-14,False
633,1229601883530723328,sillygoose20850#0,2024-04-16,False
634,1324263374346915921,eldrorn#0,2025-01-02,False
635,1013993625606176788,thecrazybirdlady6#0,2022-08-30,False
636,785650898726682654,algernon_meow#0,2020-12-07,False
637,938203321263595611,lucaspookus#0,2022-02-01,False
638,978099422640615454,bossy_mom#0,2022-05-23,False
639,1133932498443841577,kittiezs#0,2023-07-27,False
640,378598053495570432,yaboi8282#0,2017-11-10,False
641,794018313033351199,ophelia___#0,2020-12-31,False
642,528236830005657601,haru_on3#0,2018-12-28,False
643,507516622878015498,squeakytron#0,2018-11-01,False
644,223725954554396672,lord_of_warg#0,2016-09-09,False
645,1087776044578250864,jac2484#0,2023-03-21,False
646,879525693740953651,archiegarg#0,2021-08-24,False
647,362311021693632523,emuuriarte#0,2017-09-26,False
648,344215068902162433,eiru_#0,2017-08-07,False
649,735594299890335815,darkknight3129#0,2020-07-22,False
650,677753064261943316,xtremebruh#0,2020-02-14,False
651,759209600683343924,josefinafhf#0,2020-09-26,False
652,334058891908349955,salmonman77#0,2017-07-10,False
653,960832708156747816,lessons.#0,2022-04-05,False
654,1095503164301639792,pinnicio#0,2023-04-12,False
655,276610371467345921,faerin_shevla#0,2017-02-02,False
656,438507577203097600,tagalagadingdong#0,2018-04-25,False
657,1059579610087555072,schofield5443#0,2023-01-02,False
658,546723843494903812,oldtimer7131#0,2019-02-17,False
659,832379973837783070,isaac241_#0,2021-04-15,False
660,801146302331224095,iwasonthelastbus#0,2021-01-19,False
661,179746663550681089,banjobug#0,2016-05-11,False
662,477644058651525121,binkydinkums#0,2018-08-11,False
663,299912060551299073,michael_scott1#0,2017-04-07,False
664,903939513431236610,peppafknpig_#0,2021-10-30,False
665,1043076787271381013,kevinnnnn_3#0,2022-11-18,False
666,1296233006524006494,spookycookin#0,2024-10-16,False
667,762822042327711766,thekitty129062#0,2020-10-05,False
668,1300446447241658399,leonardo_19018#0,2024-10-28,False
669,696756741290983545,deathstrider00#0,2020-04-06,False
670,397781110227992576,.rayluna#0,2018-01-02,False
671,1257315612557054103,wipoh2#0,2024-07-01,False
672,989904647244382219,_.rogueraven._#0,2022-06-24,False
673,903823906824138793,musicalpotato17#0,2021-10-30,False
674,818401145554075699,falsafi6830#0,2021-03-08,False
675,965803638456995891,bearcartelwhitelist4446#0,2022-04-19,False
676,1098579586754826291,ribeyeprodigy#0,2023-04-20,False
677,365963368101707796,nico888974#0,2017-10-06,False
678,599636296138227754,supremeultimate#0,2019-07-13,False
679,831920827678064730,ethelricthedeist5036#0,2021-04-14,False
680,844223666907906069,_annie27_#0,2021-05-18,False
681,792635914701635584,thomasvano#0,2020-12-27,False
682,1120511515070570577,entxtyiu#0,2023-06-20,False
683,746850480566829128,eoppa9343#0,2020-08-22,False
684,405408626514198529,jaredartt#0,2018-01-23,False
685,875358176533438464,sansevieria7840#0,2021-08-12,False
686,924341362533494844,roid_rage_420#0,2021-12-25,False
687,1169350685318455297,rinsomething#0,2023-11-01,False
688,1265010422507896853,hubchside#0,2024-07-22,False
689,243468503619862530,fliesnow#0,2016-11-02,False
690,1201832829730959363,vargfrenz#0,2024-01-30,False
691,927485295585271848,stayhot_#0,2022-01-03,False
692,1308011117531889674,ajewolemarvellous#0,2024-11-18,False
693,895992352064278600,dams_20#0,2021-10-08,False
694,784066309935464481,flueyyyy#0,2020-12-03,False
695,1342516217197494439,k089112#0,2025-02-21,False
696,432543241355788308,.wesleyedwards#0,2018-04-08,False
697,358042283293278229,nightingaleburr#0,2017-09-15,False
698,1196183180764516452,darastime#0,2024-01-14,False
699,950772783875489802,heker1439#0,2022-03-08,False
700,588059439681110020,ninetyninetyeight#0,2019-06-11,False
701,844970700972097546,prestige9285#0,2021-05-20,False
702,691572635393589251,simpaholic#0,2020-03-23,False
703,425862476660473859,leonardosp47_#0,2018-03-21,False
704,765661148883714058,d0nutlord#0,2020-10-13,False
705,536389122110128128,solidifiedsnake#0,2019-01-20,False
706,815983115893342268,enarpuppet2000#0,2021-03-01,False
707,1283171016696139796,peterso9#0,2024-09-10,False
708,773810169728466944,magnanakaw#0,2020-11-05,False
709,276950680735055873,ahv8972#0,2017-02-03,False
710,1077984040302419979,sonoferin#0,2023-02-22,False
711,247152778185670666,travgm#0,2016-11-13,False
712,727170908514418699,kofxv_enjoyer#0,2020-06-29,False
713,912644115391479809,uss.nimitzcvn068#0,2021-11-23,False
714,691735754891591760,lucaspatiri#0,2020-03-23,False
715,704752626574557354,spencelds#0,2020-04-28,False
716,975467471349878855,simplyyfeathers#0,2022-05-15,False
717,1291722630340280439,matt_11.00#0,2024-10-04,False
718,1134637608190889984,freddyaugusto#0,2023-07-29,False
719,1249133290187915285,zplcx#0,2024-06-08,False
720,195965561702711296,rentenren#0,2016-06-24,False
721,1111765140942110730,micerdicer#0,2023-05-26,False
722,376974812733636609,thesamman23#0,2017-11-06,False
723,1076775154979455017,keyle2511#0,2023-02-19,False
724,721884610207809658,justinien1er#0,2020-06-15,False
725,272114339006119938,tommygunnwp#0,2017-01-20,False
726,880131984523919400,david_h.m3#0,2021-08-25,False
727,1233996360290668655,literally_skderek#0,2024-04-28,False
728,1010402934871302155,hp_nate#0,2022-08-20,False
729,846763890977275934,choiiilee#0,2021-05-25,False
730,798730016309379092,_wakkowarner#0,2021-01-13,False
731,1250532164185882769,coriesu#0,2024-06-12,False
732,756206454817685675,shawnie7840#0,2020-09-17,False
733,1092391043376353300,jayquanthethird#0,2023-04-03,False
734,849142600631844885,akisuki00393#0,2021-06-01,False
735,1193718411604267131,baptistbuffalo#0,2024-01-08,False
736,329219154303516673,newdahliapoketize#0,2017-06-27,False
737,1292844100499931246,bombyandcody#0,2024-10-07,False
738,199672795238629387,altis_frost#0,2016-07-04,False
739,301018070745350144,piccyp#0,2017-04-10,False
740,372080729540001793,frissonic#0,2017-10-23,False
741,999442406984384585,peachymomo#0,2022-07-20,False
742,755333108915765270,fratermalik#0,2020-09-15,False
743,944462888909807616,alexandermoonstone#0,2022-02-19,False
744,1080151412853461053,gryanjohnson#0,2023-02-28,False
745,1325261832482721975,yaacov0906#0,2025-01-05,False
746,683115459813703690,icanbebakedbeans#0,2020-02-29,False
747,779368637261152256,stephenaviaspace#0,2020-11-20,False
748,1282831875487825943,ariani_x#0,2024-09-09,False
749,670274682137608244,matt43#0,2020-01-24,False
750,1023574625134854195,bluebubble.beep#0,2022-09-25,False
751,1276716878315782228,radrager#0,2024-08-24,False
752,185144537054707712,cooldog6224#0,2016-05-25,False
753,159468990756945920,apollodragon#0,2016-03-16,False
754,927393760084627457,greanybeni3370#0,2022-01-03,False
755,796821332946976798,nathanhenry0114#0,2021-01-07,False
756,721790884974166087,nightingale_.#0,2020-06-14,False
757,1103365737462116463,fukiki#0,2023-05-03,False
758,1110128279555412028,tacotacobell#0,2023-05-22,False
759,417541710097154071,_tidbit#0,2018-02-26,False
760,1130353760842043502,catholic_ichiban_kasuga#0,2023-07-17,False
761,1133507634041991358,succulentaq#0,2023-07-25,False
762,623656686405681152,silvsteel#0,2019-09-17,False
763,340674790220103681,dadofk#0,2017-07-29,False
764,281256366637842442,_dannydevito#0,2017-02-15,False
765,533494127854354433,fructis_crowd#0,2019-01-12,False
766,836294242400993350,naianblack#0,2021-04-26,False
767,949730862793113620,stellarwolf26#0,2022-03-05,False
768,1234365857841545297,milivesting#0,2024-04-29,False
769,1170074776254030016,skateboardz_#0,2023-11-03,False
770,693997925537153074,flatmars#0,2020-03-30,False
771,298587526757613568,.vortec6.0#0,2017-04-03,False
772,593976244366999562,sly_psychic_of_indigo_lake#0,2019-06-28,False
773,1196589120206680085,sokisoka#0,2024-01-15,False
774,264828772820189194,namesdontexist#0,2016-12-31,False
775,900089837175046155,happyismyfavoritecolor#0,2021-10-19,False
776,938108718787203103,kozzy2007#0,2022-02-01,False
777,1025237912356405258,tomikals#0,2022-09-30,False
778,811836701046865950,seraph3776#0,2021-02-18,False
779,755923580646326393,jacobtalkss#0,2020-09-16,False
780,797940720879140877,johnadams_notquincy#0,2021-01-10,False
781,1016115211880628224,nenebirdz#0,2022-09-04,False
782,1294785361414852728,orcacmdr#0,2024-10-12,False
783,901929515457056778,andrewjbsax#0,2021-10-24,False
784,1205942052303536152,kyrillos0575#0,2024-02-10,False
785,312012189043130369,fruit_spice#0,2017-05-10,False
786,835361196784877578,true_pop358862#0,2021-04-24,False
787,127311781092786187,vanilla07#0,2015-12-18,False
788,900805440529637377,ice_creamed_bean_oreo#0,2021-10-21,False
789,445062021533270033,.yaboigunter#0,2018-05-13,False
790,921377805034463242,mosalahlover911#0,2021-12-17,False
791,704013071269625968,_theonering#0,2020-04-26,False
792,1028581142724616253,davefromabove9957#0,2022-10-09,False
793,325019854039941132,camilleambrose#0,2017-06-15,False
794,802503799709237249,lovesick21#0,2021-01-23,False
795,1086107528724762745,bonnieee0219#0,2023-03-17,False
796,884899567869497365,michi117#0,2021-09-07,False
797,763719024768712708,yanadesu#0,2020-10-08,False
798,360101582601322496,tate7410#0,2017-09-20,False
799,358951039258329089,dehoyos#0,2017-09-17,False
800,1073684857441505381,ediztogan#0,2023-02-10,False
801,714883401718431887,thomas35371#0,2020-05-26,False
802,801010562657812491,kyanite24#0,2021-01-19,False
803,956535160692695080,fastycati8p#0,2022-03-24,False
804,847187874969288745,watchgamestv9577#0,2021-05-26,False
805,932462633901240340,daniel_00118#0,2022-01-17,False
806,944667721826705489,emthestego#0,2022-02-19,False
807,1011440526328877189,lilkingdeebo9095#0,2022-08-23,False
808,1136682967813603342,amida_amani#0,2023-08-03,False
809,1247253758954438666,noles.holes#0,2024-06-03,False
810,803028098458320917,cabbagehead7742#0,2021-01-24,False
811,1279590008680091740,oma1946#0,2024-08-31,False
812,1335406232416161802,mak_07425#0,2025-02-02,False
813,850376070427181088,lana_del_rey_son#0,2021-06-04,False
814,472524041073328140,.spookdogg#0,2018-07-27,False
815,554100707515564052,im_36_degrees#0,2019-03-10,False
816,805566651423916104,redthroatedloon6954#0,2021-01-31,False
817,901724699820720128,pancakes2006#0,2021-10-24,False
818,720836872338669628,shardermist#0,2020-06-12,False
819,887853558593101865,franxx_29#0,2021-09-16,False
820,1009893865265840158,shiroukikos#0,2022-08-18,False
821,691467807665422356,savagejosh8938#0,2020-03-23,False
822,402912178316771329,huna18#0,2018-01-16,False
823,1043338625200443472,danddhamp#0,2022-11-19,False
824,741011438406991963,teresachu#0,2020-08-06,False
825,1073708573172977724,annabellee0103#0,2023-02-10,False
826,220724906835443724,fdterritory#0,2016-09-01,False
827,710667840780238859,kaosnextdoor#0,2020-05-15,False
828,300310786474115074,antkano#0,2017-04-08,False
829,840067861589786664,yashabcharan#0,2021-05-07,False
830,282442101700952064,uralinda_#0,2017-02-18,False
831,963248017803210763,ma_kay_kay01#0,2022-04-12,False
832,880194110013710387,mrt8bit#0,2021-08-25,False
833,979427491368292543,coyoteeffect#0,2022-05-26,False
834,173962090476732416,burgandal#0,2016-04-25,False
835,901918851111976971,zack247372#0,2021-10-24,False
836,796423845677629482,cthulhu9098#0,2021-01-06,False
837,1230613199389327511,arrrtimus#0,2024-04-18,False
838,411333150585913345,thestreak86#0,2018-02-09,False
839,1193398300427161744,oliverlds#0,2024-01-07,False
840,1059803123704660049,minjibunni5678#0,2023-01-03,False
841,224262379641241601,kineget#0,2016-09-10,False
842,708181660218425364,fr.john_henry#0,2020-05-08,False
843,787865365475622972,jherald3907#0,2020-12-14,False
844,821647741720723456,johndabaptist.#0,2021-03-17,False
845,470075035197898752,._awesoomej_.#0,2018-07-21,False
846,559429715912425518,kkameleon#0,2019-03-24,False
847,1097276957458182336,_realmmm#0,2023-04-16,False
848,1223579029655912509,mapleintheshire#0,2024-03-30,False
849,988982472815562812,paigecarlson9552#0,2022-06-22,False
850,945188044938575882,puchini_i#0,2022-02-21,False
851,1296913587780063243,arturs0183#0,2024-10-18,False
852,308669836588875776,spencer7457#0,2017-05-01,False
853,771477948071018527,red_x3#0,2020-10-29,False
854,1322484928339902505,aaisha0701#0,2024-12-28,False
855,1247978465823817774,vitpp_#0,2024-06-05,False
856,550476085348007977,neeneechan4203#0,2019-02-28,False
857,1095652282969886831,duckthearts#0,2023-04-12,False
858,282570361055215617,pfet#0,2017-02-18,False
859,1245867054993772554,angelboi4576#0,2024-05-30,False
860,965661324958900286,l1zzym0da#0,2022-04-18,False
861,384078866760728577,anwinner#0,2017-11-25,False
862,1070350354719445044,benmillard17#0,2023-02-01,False
863,696861397539356737,maxime2121.#0,2020-04-06,False
864,1198803747229417502,thelowlevelmaster_31913#0,2024-01-22,False
865,1017085416165355580,305vibez305#0,2022-09-07,False
866,764530305956315147,rogger1#0,2020-10-10,False
867,661270190998421525,lizard0384#0,2019-12-30,False
868,1202348043689529425,starkwastelander#0,2024-01-31,False
869,1075946634657153077,dizzydoofus8#0,2023-02-17,False
870,832007189191065610,benedictbyrne#0,2021-04-14,False
871,770251137566900245,rj8247#0,2020-10-26,False
872,592186745626296322,techfatality#0,2019-06-23,False
873,1150088790988304404,lipkawave#0,2023-09-09,False
874,814223200976109580,rusticus2802#0,2021-02-24,False
875,949387165656309790,yani.31#0,2022-03-04,False
876,450505165141966848,tymanflyman#0,2018-05-28,False
877,552507094511648770,riptide1242#0,2019-03-05,False
878,435344414039080961,alonza7580#0,2018-04-16,False
879,1099474321400938526,handson0429#0,2023-04-22,False
880,1263325789235970141,isyabill#0,2024-07-18,False
881,691741244896051262,denz1469#0,2020-03-23,False
882,546546915400089610,nognosis#0,2019-02-17,False
883,770529411279749141,king_red5132#0,2020-10-27,False
884,747979965890429050,mellowmoi#0,2020-08-26,False
885,1137202304769081408,horselover52#0,2023-08-05,False
886,1283252850549461063,ravensonthewall_24630#0,2024-09-11,False
887,750594315356733441,senthera#0,2020-09-02,False
888,559551185506402304,nicolettevalorin#0,2019-03-25,False
889,879800504497094678,yurzys#0,2021-08-24,False
890,744698189155663890,.vessel._.#0,2020-08-16,False
891,1211724821399080960,itbjohnnyt#0,2024-02-26,False
892,613881729031340032,.kiimcitta#0,2019-08-21,False
893,294703386337476618,cyberwaster1701#0,2017-03-24,False
894,562920806716407811,katsuya4900#0,2019-04-03,False
895,643198593762721795,vesuviuss#0,2019-11-10,False
896,963267214050459679,reyonaise#0,2022-04-12,False
897,306618570157064194,matv201#0,2017-04-26,False
898,963204383573700608,aaron_mullins#0,2022-04-11,False
899,790868461545848853,cheesepuff42#0,2020-12-22,False
900,1020061843898781777,akh1fideen#0,2022-09-15,False
901,674409608097562644,zachgg.#0,2020-02-05,False
902,589255634311184416,mgdyal#0,2019-06-15,False
903,1287776962986901706,birdlady2782#0,2024-09-23,False
904,377844189188194304,apprenticeinfinity#0,2017-11-08,False
905,607830100842512385,link12313#0,2019-08-05,False
906,1304682327552557088,cato383838#0,2024-11-09,False
907,902081743354470442,benjirouvt#0,2021-10-25,False
908,1231668414725226622,yogopol#0,2024-04-21,False
909,831978795291508819,strawberryshortcakedream#0,2021-04-14,False
910,942595843637280838,cokkhkh9647#0,2022-02-14,False
911,1087256503150465086,smeagmor#0,2023-03-20,False
912,752603204549738599,k.o.5392#0,2020-09-07,False
913,906772264081559552,mackiutu#0,2021-11-07,False
914,1336783396864790610,quixotic.sonder#0,2025-02-05,False
915,866788414555553802,swapstarr#0,2021-07-19,False
916,745856836216815676,shii476#0,2020-08-20,False
917,677836381271359488,woopslap0#0,2020-02-14,False
918,965533466110349362,osterpog#0,2022-04-18,False
919,595013246549753867,1800.vocaloid#0,2019-06-30,False
920,292139657175498752,gilgamesh_king_of_uruk#0,2017-03-17,False
921,1336276029265805344,bronelsond.paat_92462#0,2025-02-04,False
922,1156952828728856596,ayabrsk#0,2023-09-28,False
923,797975655627096064,kingpiplupi#0,2021-01-10,False
924,993235793290211409,sumayaaa#0,2022-07-03,False
925,272867056968400906,shiiikansen#0,2017-01-22,False
926,698319260551741480,shewnaethan#0,2020-04-10,False
927,329693152476659719,finkster717#0,2017-06-28,False
928,335391167711543307,infireno6647#0,2017-07-14,False
929,469324247379214338,theluminescentone#0,2018-07-19,False
930,276796955873640451,snake9505#0,2017-02-02,False
931,1210655618264731648,5555555_88115#0,2024-02-23,False
932,1152014712477847574,noir_fello#0,2023-09-14,False
933,601893825459257355,heroldjr#0,2019-07-19,False
934,659650462643126292,selenanicole#0,2019-12-26,False
935,1195724815605190798,zeksz__90755#0,2024-01-13,False
936,1295328726174793814,bunny095500#0,2024-10-14,False
937,445710241418575872,quilava.kass#0,2018-05-14,False
938,1303827516049326152,blackwhiteredx1#0,2024-11-06,False
939,482019268662132756,per_cept#0,2018-08-23,False
940,1112872659483643965,ritesffa#0,2023-05-29,False
941,337237757111959553,fanrel_#0,2017-07-19,False
942,632653460873150534,skott4567499#0,2019-10-12,False
943,1171202391471824997,romanian._.batman#0,2023-11-06,False
944,1252078039567695952,lucxsbyte#0,2024-06-17,False
945,712890275638411265,onlyannie#0,2020-05-21,False
946,969343948961230888,acidtittyvampire#0,2022-04-28,False
947,1333176765790818378,wolfe0206#0,2025-01-26,False
948,418583583855214613,kalru.#0,2018-03-01,False
949,1327472572119515291,jusahooman#0,2025-01-11,False
950,1161344921983258704,alexander03339#0,2023-10-10,False
951,338639787080679424,lutheran31101517#0,2017-07-23,False
952,334131138102689808,washedjoshy#0,2017-07-11,False
953,831053245068607589,blondie_agghhh#0,2021-04-12,False
954,782432859938881556,fierycoconut.#0,2020-11-29,False
955,838464345860079648,bloodtrack#0,2021-05-02,False
956,619445748521500672,asa4610#0,2019-09-06,False
957,977881194412773456,sven365#0,2022-05-22,False
958,1310795308120150089,pabloschvior#0,2024-11-26,False
959,1166753022945275974,kristy0210#0,2023-10-25,False
960,975631826414620703,landonmarkiplier#0,2022-05-16,False
961,952859012771241984,jusus4379#0,2022-03-14,False
962,158752869330321408,ignitedblue#0,2016-03-14,False
963,871914265177624606,azorreon#0,2021-08-03,False
964,405444475310309376,elegantmelon#0,2018-01-23,False
965,861658932862517270,elitahimura#0,2021-07-05,False
966,554579424381632512,lowerlamp#0,2019-03-11,False
967,350559360499318786,annie_soleil#0,2017-08-25,False
968,352900123698921475,.dissmarck#0,2017-08-31,False
969,1095764340264681593,my_m3lodie#0,2023-04-12,False
970,468969532023767040,vjk3361#0,2018-07-18,False
971,784841428739031060,ferret._.owo#0,2020-12-05,False
972,857519449733201960,murderisntnice1992#0,2021-06-24,False
973,579797746483986437,kentdrone.#0,2019-05-19,False
974,463869294095237121,delaney_#0,2018-07-04,False
975,1050544143102914692,prplz.#0,2022-12-08,False
976,719906722499657829,void721#0,2020-06-09,False
977,708051991158456340,allegan8957#0,2020-05-07,False
978,852623313431822356,t0asted_lgndz#0,2021-06-10,False
979,979525128708833291,idklol03561#0,2022-05-26,False
980,683012508973400066,beebysill9689#0,2020-02-28,False
981,288516951502880769,sergeantmister#0,2017-03-07,False
982,1209329945185095701,thrashclash#0,2024-02-20,False
983,607398215976747028,knightofreason#0,2019-08-04,False
984,382341650581815310,wanderersinclair#0,2017-11-21,False
985,1003780909184602132,abdullahthemuwahid#0,2022-08-01,False
986,381633259433492480,scumberryslaps#0,2017-11-19,False
987,1286456600915345418,dolanpizza#0,2024-09-19,False
988,1148280136530149546,vixenlois#0,2023-09-04,False
989,290232261985435660,keygary#0,2017-03-11,False
990,997369779990056980,user_4968#0,2022-07-15,False
991,857936340176207902,rose2260#0,2021-06-25,False
992,719738862686961686,lyra4763#0,2020-06-09,False
993,1154552473932005438,nicole07359#0,2023-09-21,False
994,198397473344061440,eggani#0,2016-07-01,False
995,641818681101516830,marialena23#0,2019-11-07,False
996,1234976994018725891,haug0656#0,2024-04-30,False
997,1112258706931982417,olliesgotmilk#0,2023-05-28,False
998,597049672535769088,shulpixler#0,2019-07-06,False
999,889083619589636146,thegstandsforgamerman#0,2021-09-19,False
1000,615544999450378290,thawtist#0,2019-08-26,False
